,epoch,loss,accuracy,macro_f,precision,recall,val_loss,val_accuracy,val_macro_f,val_precision,val_recall,test_loss,test_accuracy,test_macro_f,test_precision,test_recall,split,seed,dropout_rate,embedding_type,max_length,arch_type,run_id
0,3,0.734874,0.756527,0.746379,0.771286,0.756527,0.928501,0.706703,0.692796,0.717654,0.706703,0.926675,0.711766,0.69826,0.722575,0.711766,valid,42,0.2,bert-base-uncased,100,PretrainedBaseline,MIND15-Roberta-3/keep_all/PretrainedBaseline
1,2,0.828027,0.73181,0.718226,0.741677,0.73181,0.917874,0.710538,0.685271,0.699128,0.710538,0.91513,0.709925,0.687053,0.702697,0.709925,valid,42,0.2,bert-base-uncased,100,PretrainedBaseline,MIND15-Roberta-3/keep_all/PretrainedBaseline
2,1,1.045879,0.674848,0.64902,0.66411,0.674848,0.917026,0.709848,0.694697,0.71316,0.709848,0.909149,0.711305,0.697556,0.718847,0.711305,valid,42,0.2,bert-base-uncased,100,PretrainedBaseline,MIND15-Roberta-3/keep_all/PretrainedBaseline
3,3,0.700656,0.766182,0.75793,0.782787,0.766182,0.954349,0.701948,0.700847,0.735766,0.701948,0.938405,0.709388,0.708198,0.741687,0.709388,valid,42,0.2,roberta-base,100,PretrainedBaseline,MIND15-Roberta-3/keep_all/PretrainedBaseline
4,2,0.802813,0.738531,0.726686,0.751214,0.738531,0.912271,0.70655,0.699657,0.72796,0.70655,0.919429,0.705093,0.699327,0.728432,0.705093,valid,42,0.2,roberta-base,100,PretrainedBaseline,MIND15-Roberta-3/keep_all/PretrainedBaseline
5,1,1.002336,0.684024,0.661118,0.678469,0.684024,0.890411,0.710615,0.700324,0.725649,0.710615,0.886463,0.713836,0.704704,0.730177,0.713836,valid,42,0.2,roberta-base,100,PretrainedBaseline,MIND15-Roberta-3/keep_all/PretrainedBaseline
